,exit-0-train-loss,exit-1-train-loss,exit-2-train-loss,exit-3-train-loss,exit-0-train-accuracy,exit-1-train-accuracy,exit-2-train-accuracy,exit-3-train-accuracy,exit-0-train-time,exit-1-train-time,exit-2-train-time,exit-3-train-time,exit-0-test-loss,exit-1-test-loss,exit-2-test-loss,exit-3-test-loss,exit-0-test-accuracy,exit-1-test-accuracy,exit-2-test-accuracy,exit-3-test-accuracy,exit-0-test-time,exit-1-test-time,exit-2-test-time,exit-3-test-time
0,0.6624044095552885,0.6634097524789664,0.6532600285456731,0.09325540982759915,0.6596153846153846,0.6938461538461539,0.8730769230769231,0.9669230769230769,0.0,0.015653371810913086,0.015653371810913086,0.03125786781311035,0.6017002868652344,0.5980050277709961,0.572197036743164,0.0015852749347686768,0.8,0.85,0.97,1.0,0.0,0.01562190055847168,0.01562190055847168,0.01562190055847168
1,0.6035521991436298,0.5900479830228366,0.5575231464092548,0.03664930196908804,0.7507692307692307,0.8269230769230769,0.9426923076923077,0.9884615384615385,0.0,0.015648841857910156,0.015648841857910156,0.03126835823059082,0.547233657836914,0.5203463363647461,0.46208255767822265,0.0015137100219726563,0.84,0.91,0.98,1.0,0.004128694534301758,0.01011347770690918,0.017094850540161133,0.021083593368530273
