,n_transmissions,total_time (s),avg_time (s),total size (Mb),avg. size (Mb),data rate (Mbit/s)
0,150,54.92164787296497,0.3661443191530998,260.796968,1.7386464533333332,39.007856227390775
