,n_transmissions,total_time (s),avg_time (s),total size (Mb),avg. size (Mb),data rate (Mbit/s)
0,150,1.3930010027252138e-05,9.286673351501425e-08,8573,57.153333333333336,4927491068.973772
